,index,Unnamed: 0,id,x,y,size,frame,track,ignore,track_fixed
0,1716,1716,5,448.25539387857503,563.70647265429,1993,1717,3,False,1
1,1717,1717,2,508.2312083729781,605.5970504281637,2102,1718,3,False,1
2,1718,1718,1,464.8036507153429,667.1534287123828,2027,1719,3,False,1
3,1719,1719,1,403.6962378077102,622.7069205759406,2153,1720,3,False,1
4,1720,1720,4,447.3067331670823,562.6962593516209,2005,1721,3,False,1
5,1721,1721,2,512.2994323557238,604.8112582781457,2114,1722,3,False,1
6,1722,1722,1,469.2029058116232,666.8967935871743,1996,1723,3,False,1
