,Unnamed: 0,index,Unnamed: 0.1,id,x,y,size,frame,track,ignore,track_fixed,x_shift,y_shift,x_rotate,y_rotate
0,0,1788,1855,4,285.0227531285552,258.06598407281,1758,1861,29,False,5,0.0,0.0,0.0,0.0
1,1,1789,1856,4,284.50169491525423,258.8853107344633,1770,1862,29,False,5,-0.5210582133009893,0.8193266616532924,-0.3404597772496442,-0.9093321616546236
2,2,1790,1857,4,283.6446558477896,259.53665360940124,1787,1863,29,False,5,-1.378097280765644,1.470669536591231,-0.3445077168237216,-1.9857833301143493
3,3,1791,1858,4,284.35878719820323,259.9713644020213,1781,1864,29,False,5,-0.663965930351992,1.9053803292113116,-1.1215609740412484,-1.6773270215200249
