,index,Unnamed: 0,id,x,y,size,frame,track,ignore,track_fixed
0,60,60,1,38.11923509561305,515.6670416197975,889,61,1,False,2
1,61,61,1,25.093478260869563,525.0,920,62,1,False,2
2,62,62,1,13.82282996432818,535.0606420927468,841,63,1,False,2
3,63,63,1,7.043083900226757,544.9297052154195,441,64,1,False,2
