,index,Unnamed: 0,id,x,y,size,frame,track,ignore,track_fixed
0,36,43,2,342.7996121525533,402.9424692954105,1547,44,2,False,2
1,37,44,2,353.0550576184379,395.4455825864276,1562,45,2,False,2
2,38,45,2,357.8656050955414,388.6936305732484,1570,46,2,False,2
3,39,46,5,359.48425196850394,388.8405511811024,1524,47,2,False,2
