,Unnamed: 0,index,Unnamed: 0.1,id,x,y,size,frame,track,ignore,track_fixed,x_shift,y_shift,x_rotate,y_rotate
0,0,1560,1782,3,251.72727272727272,575.2712121212121,660,1784,2,False,0,0.0,0.0,0.0,0.0
1,1,1561,1783,3,274.4836702954899,568.00933125972,643,1785,2,False,0,22.75639756821718,-7.261880861492045,-22.872372552714136,6.88789646692764
2,2,1562,1784,3,292.64050235478805,589.0863422291993,637,1786,2,False,0,40.913229627515335,13.815130107987216,-40.68128397094489,-14.48389840235549
3,3,1563,1785,3,272.3927536231884,606.0115942028986,690,1787,2,False,0,20.665480895915692,30.740382081686448,-20.158827228195207,-31.074987948047564
4,4,1564,1786,3,255.82544378698225,587.1065088757397,676,1788,2,False,0,4.098171059709529,11.835296754527576,-3.9036236241809674,-11.90088139185951
