,Unnamed: 0,index,Unnamed: 0.1,id,x,y,size,frame,track,ignore,track_fixed,x_shift,y_shift,x_rotate,y_rotate
0,0,444,444,3,553.0094683175528,133.5768390386016,1373,445,3,False,4,0.0,0.0,0.0,0.0
1,1,445,445,3,551.82863340564,103.0766449746927,1383,446,3,False,4,-1.1808349119128252,-30.500194063908907,-27.763187144784357,-12.683124559389025
2,2,446,446,3,575.4708704592186,79.63605209047293,1459,447,3,False,4,22.46140214166587,-53.940786948128675,-38.04298008115206,-44.34923617491184
