,Unnamed: 0,index,Unnamed: 0.1,id,x,y,size,frame,track,ignore,track_fixed,x_shift,y_shift,x_rotate,y_rotate
0,0,36,36,6,338.7723029045643,389.2634854771785,1928,37,28,False,2,0.0,0.0,0.0,0.0
1,1,37,37,2,337.6066869300912,385.06990881458967,1645,38,28,False,2,-1.1656159744730985,-4.193576662588839,4.1328760396011095,-1.365313687856261
2,2,38,38,2,333.7033465683494,378.35677821894495,1763,39,28,False,2,-5.06895633621491,-10.906707258233553,10.65116404843621,-5.585990151133256
3,3,39,39,2,329.14491708723864,372.2487382840664,1387,40,28,False,2,-9.62738581732566,-17.0147471931121,16.533652471753303,-10.431994807535382
4,4,40,40,2,325.1919014084507,379.3846830985916,1136,41,28,False,2,-13.580401496113609,-9.878802378586897,9.216406745355295,-14.038371983067991
5,5,41,41,2,324.02170542635656,396.4449612403101,1290,42,28,False,2,-14.750597478207737,7.181475763131573,-7.880354795067764,-14.389361639920208
6,6,42,42,2,328.37786933490287,400.802825191289,1699,43,28,False,2,-10.39443356966143,11.539339714110497,-12.024376019762052,-9.829292528311665
7,7,43,43,6,337.0654018971543,399.572141787319,2003,44,28,False,2,-1.7069010074100106,10.30865631014052,-10.378631799854292,-1.2107468491598716
8,8,44,44,6,344.68981921979065,393.3853472882969,2102,45,28,False,2,5.917516315226351,4.121861811118379,-3.8334400058187823,6.1083125208779405
