,index,Unnamed: 0,id,x,y,size,frame,track,ignore,track_fixed
0,1560,1782,3,251.72727272727272,575.2712121212121,660,1784,2,False,0
1,1561,1783,3,274.4836702954899,568.00933125972,643,1785,2,False,0
2,1562,1784,3,292.64050235478805,589.0863422291993,637,1786,2,False,0
3,1563,1785,3,272.3927536231884,606.0115942028986,690,1787,2,False,0
4,1564,1786,3,255.82544378698225,587.1065088757397,676,1788,2,False,0
