,index,Unnamed: 0,id,x,y,size,frame,track,ignore,track_fixed
0,228,228,1,435.2105263157895,434.3157894736842,76,243,1,False,1
1,229,229,1,432.7872340425532,439.8085106382979,47,244,1,False,1
2,230,230,1,431.6782608695653,444.9478260869565,115,245,1,False,1
3,231,231,1,431.0350877192983,450.0175438596491,114,246,1,False,1
4,232,232,1,430.7671232876712,455.013698630137,73,247,1,False,1
5,233,233,1,431.0232558139535,459.3139534883721,86,248,1,False,1
6,234,234,1,433.506329113924,464.0886075949367,79,249,1,False,1
