,Unnamed: 0,index,Unnamed: 0.1,id,x,y,size,frame,track,ignore,track_fixed,x_shift,y_shift,x_rotate,y_rotate
0,0,36,43,2,342.7996121525533,402.9424692954105,1547,44,2,False,2,0.0,0.0,0.0,0.0
1,1,37,44,2,353.0550576184379,395.4455825864276,1562,45,2,False,2,10.255445465884577,-7.496886708982913,7.357380788515837,10.355984741386752
2,2,38,45,2,357.8656050955414,388.6936305732484,1570,46,2,False,2,15.065992942988089,-14.248838722162077,14.043597993506433,15.25748680763429
3,3,39,46,5,359.48425196850394,388.8405511811024,1524,47,2,False,2,16.684639815950618,-14.101918114308091,13.874780626888787,16.87399664710074
