,index,Unnamed: 0,id,x,y,size,frame,track,ignore,track_fixed
0,444,444,3,553.0094683175528,133.5768390386016,1373,445,3,False,4
1,445,445,3,551.82863340564,103.0766449746927,1383,446,3,False,4
2,446,446,3,575.4708704592186,79.63605209047293,1459,447,3,False,4
