,Unnamed: 0,index,Unnamed: 0.1,id,x,y,size,frame,track,ignore,track_fixed,x_shift,y_shift,x_rotate,y_rotate
0,0,1716,1716,5,448.25539387857503,563.70647265429,1993,1717,3,False,1,0.0,0.0,0.0,0.0
1,1,1717,1717,2,508.2312083729781,605.5970504281637,2102,1718,3,False,1,59.97581449440304,41.8905777738737,73.07825423615462,3.3893344910109207
2,2,1718,1718,1,464.8036507153429,667.1534287123828,2027,1719,3,False,1,16.548256836767848,103.44695605809284,69.2334899081354,78.62468694475507
3,3,1719,1719,1,403.6962378077102,622.7069205759406,2153,1720,3,False,1,-44.559156070864844,59.00044792165056,-6.166410149995155,73.67867147665685
4,4,1720,1720,4,447.3067331670823,562.6962593516209,2005,1721,3,False,1,-0.948660711492721,-1.010213302669058,-1.3415385318956754,-0.3475088917691136
5,5,1721,1721,2,512.2994323557238,604.8112582781457,2114,1722,3,False,1,64.04403847714872,41.10478562385572,76.09820657028585,0.552469394395942
6,6,1722,1722,1,469.2029058116232,666.8967935871743,1996,1723,3,False,1,20.94751193304819,103.19032093288433,72.81589899668542,76.05843440225001
