,Unnamed: 0,index,Unnamed: 0.1,id,x,y,size,frame,track,ignore,track_fixed,x_shift,y_shift,x_rotate,y_rotate
0,0,228,228,1,435.2105263157895,434.3157894736842,76,243,1,False,1,0.0,0.0,0.0,0.0
1,1,229,229,1,432.7872340425532,439.8085106382979,47,244,1,False,1,-2.4232922732362567,5.49272116461367,-4.687223470648329,-3.7513020899315657
2,2,230,230,1,431.6782608695653,444.9478260869565,115,245,1,False,1,-3.532265446224187,10.632036613272305,-9.370045590300451,-6.141607881022951
3,3,231,231,1,431.0350877192983,450.0175438596491,114,246,1,False,1,-4.175438596491176,15.701754385964875,-14.1050961498147,-8.06384777105309
4,4,232,232,1,430.7671232876712,455.013698630137,73,247,1,False,1,-4.443403028118269,20.697909156452795,-18.86530212486081,-9.604564001389402
5,5,233,233,1,431.0232558139535,459.3139534883721,86,248,1,False,1,-4.187270501835997,24.99816401468786,-23.087350147209754,-10.460196056523735
6,6,234,234,1,433.506329113924,464.0886075949367,79,249,1,False,1,-1.7041972018654974,29.7728181212525,-28.339222958936514,-9.28511868894055
