,index,Unnamed: 0,id,x,y,size,frame,track,ignore,track_fixed
0,888,888,2,449.59871441689626,446.4995408631772,1089,889,1,False,1
1,889,889,2,447.7743324720069,444.8751076658053,1161,890,1,False,1
2,890,890,2,446.2668416447944,442.9168853893264,1143,891,1,False,1
3,891,891,2,444.60267857142856,442.6848214285714,1120,892,1,False,1
4,892,892,2,444.05021276595744,441.7463829787234,1175,893,1,False,1
