,Unnamed: 0,index,Unnamed: 0.1,id,x,y,size,frame,track,ignore,track_fixed,x_shift,y_shift,x_rotate,y_rotate
0,0,888,888,2,449.59871441689626,446.4995408631772,1089,889,1,False,1,0.0,0.0,0.0,0.0
1,1,889,889,2,447.7743324720069,444.8751076658053,1161,890,1,False,1,-1.8243819448893532,-1.6244331973719,-2.3311990558064344,0.7298381024373429
2,2,890,890,2,446.2668416447944,442.9168853893264,1143,891,1,False,1,-3.3318727721018604,-3.582655473850764,-4.785810414148705,1.0162751072482152
3,3,891,891,2,444.60267857142856,442.6848214285714,1120,892,1,False,1,-4.996035845467702,-3.814719434605763,-5.840331074473315,2.324433581434081
4,4,892,892,2,444.05021276595744,441.7463829787234,1175,893,1,False,1,-5.548501650938817,-4.753157884453799,-6.929281278710979,2.315910491690389
