,index,Unnamed: 0,id,x,y,size,frame,track,ignore,track_fixed
0,36,36,6,338.7723029045643,389.2634854771785,1928,37,28,False,2
1,37,37,2,337.6066869300912,385.06990881458967,1645,38,28,False,2
2,38,38,2,333.7033465683494,378.35677821894495,1763,39,28,False,2
3,39,39,2,329.14491708723864,372.2487382840664,1387,40,28,False,2
4,40,40,2,325.1919014084507,379.3846830985916,1136,41,28,False,2
5,41,41,2,324.02170542635656,396.4449612403101,1290,42,28,False,2
6,42,42,2,328.37786933490287,400.802825191289,1699,43,28,False,2
7,43,43,6,337.0654018971543,399.572141787319,2003,44,28,False,2
8,44,44,6,344.68981921979065,393.3853472882969,2102,45,28,False,2
