,index,Unnamed: 0,id,x,y,size,frame,track,ignore,track_fixed
0,1788,1855,4,285.0227531285552,258.06598407281,1758,1861,29,False,5
1,1789,1856,4,284.50169491525423,258.8853107344633,1770,1862,29,False,5
2,1790,1857,4,283.6446558477896,259.53665360940124,1787,1863,29,False,5
3,1791,1858,4,284.35878719820323,259.9713644020213,1781,1864,29,False,5
